{"cameraMode":{"drawMode":0,"name":"Shaded","section":"Shading Mode"},"sceneLighting":true,"audioPlay":false,"sceneViewState":{"m_AlwaysRefresh":false,"showFog":true,"showSkybox":true,"showFlares":true,"showImageEffects":true,"showParticleSystems":true,"showVisualEffectGraphs":true,"m_FxEnabled":true},"in2DMode":false,"pivot":{"x":-0.6282689571380615,"y":1.1596506834030152,"z":-1.8474963903427125},"rotation":{"x":-0.27860355377197268,"y":-0.21323983371257783,"z":0.06361045688390732,"w":-0.9342827796936035},"size":2.2944931983947756,"orthographic":false}